,URL,Restraunt Name,Restro Rating,Avg Price,Cuisines,Avg Delivery Time
0,https://www.zomato.com/bangalore/nandhini-deluxe-st-marks-road-bangalore/order,Nandini Deluxe,4.0,₹250 for one,"Andhra, Biryani, South Indian, North Indian, Chinese, Mughlai, Desserts, Beverages",19 min
1,https://www.zomato.com/bangalore/empire-restaurant-shivajinagar-bangalore/order,Empire Restaurant,4.1,₹250 for one,"North Indian, Biryani, Kebab, Chinese, South Indian, Mughlai, Beverages",26 min
2,https://www.zomato.com/bangalore/nh8-indiranagar/order,NH8,3.9,₹250 for one,"Chinese, North Indian, Beverages",43 min
3,https://www.zomato.com/bangalore/truffles-2-st-marks-road/order,Truffles,4.3,₹250 for one,"Burger, American, Bakery, Italian, Oriental, Continental, Beverages, Desserts",30 min
4,https://www.zomato.com/bangalore/mcdonalds-mg-road/order,McDonald's,3.9,₹250 for one,"Burger, Fast Food",18 min
5,https://www.zomato.com/bangalore/california-burrito-cunningham-road/order,California Burrito,4.1,₹250 for one,"Mexican, Fast Food, Beverages",24 min
6,https://www.zomato.com/bangalore/leons-burgers-wings-frazer-town-bangalore/order,Leon's Burgers & Wings,4.2,₹250 for one,"Burger, Fast Food, Wraps, Street Food, Beverages",35 min
7,https://www.zomato.com/bangalore/mr-chow-ulsoor-bangalore/order,Mr. Chow,3.8,₹250 for one,Momos,41 min
8,https://www.zomato.com/bangalore/kabab-korner-st-marks-road/order,Kabab Korner,4.1,₹250 for one,"North Indian, Chinese, Mughlai, Sichuan",19 min
18,https://www.zomato.com/bangalore/dominos-pizza-shanti-nagar/order,Domino's Pizza,3.9,₹200 for one,"Pizza, Italian, Pasta, Fast Food, Desserts",25 min
19,https://www.zomato.com/bangalore/meghana-foods-residency-road/order,Meghana Foods,4.3,₹200 for one,"Biryani, Andhra, North Indian, Seafood",24 min
20,https://www.zomato.com/bangalore/pizza-hut-shanti-nagar/order,Pizza Hut,3.8,₹200 for one,"Pizza, Fast Food, Desserts, Beverages",28 min
21,https://www.zomato.com/bangalore/kfc-brigade-road-bangalore/order,KFC,3.7,₹200 for one,"Burger, Fast Food, Biryani, Desserts, Beverages",31 min
22,https://www.zomato.com/bangalore/burger-king-commercial-street/order,Burger King,4.0,₹200 for one,"Burger, Fast Food, Desserts, Beverages",28 min
23,https://www.zomato.com/bangalore/nandhana-palace-indiranagar/order,Nandhana Palace,4.1,₹200 for one,"Biryani, Andhra, North Indian, Chinese, Mughlai, South Indian, Desserts, Beverages",40 min
24,https://www.zomato.com/bangalore/al-bek-malleshwaram/order,Al-Bek,4.1,₹200 for one,"Mughlai, Arabian, North Indian, Chinese, Seafood",33 min
25,https://www.zomato.com/bangalore/imperio-restaurant-1-koramangala-7th-block-bangalore/order,Imperio Restaurant,3.5,₹200 for one,"North Indian, Biryani, Arabian, Chinese, Kebab, Beverages, Juices, Sichuan",42 min
26,https://www.zomato.com/bangalore/thalassery-restaurant-kammanahalli/order,Thalassery Restaurant,4.1,₹200 for one,"Kerala, North Indian, Chinese, Lebanese, Biryani, Ice Cream, Beverages",42 min
27,https://www.zomato.com/bangalore/five-star-chicken-shivajinagar-bangalore/order,Five Star Chicken,3.9,₹200 for one,"Fast Food, Rolls, Burger",36 min
28,https://www.zomato.com/bangalore/imperial-restaurant-residency-road/order,Imperial Restaurant,3.9,₹200 for one,"Mughlai, North Indian, Biryani, Chinese, Seafood, Ice Cream, Desserts, Beverages",23 min
29,https://www.zomato.com/bangalore/polar-bear-1-basavanagudi/order,Polar Bear,4.4,₹200 for one,"Ice Cream, Beverages, Shake",28 min
51,https://www.zomato.com/bangalore/kabab-magic-richmond-town-bangalore/order,Kabab Magic,3.6,₹100 for one,"North Indian, Kebab, Hyderabadi, Mughlai, Chinese, Rolls",28 min
52,https://www.zomato.com/bangalore/kanti-sweets-1-frazer-town-bangalore/order,Kanti Sweets,4.3,₹100 for one,"Mithai, Bakery, Street Food",27 min
53,https://www.zomato.com/bangalore/manis-dum-biryani-ulsoor/order,Mani's Dum Biryani,4.1,₹100 for one,"Biryani, Kebab",28 min
54,https://www.zomato.com/bangalore/chickpet-donne-biryani-house-jayanagar-bangalore/order,Chickpet Donne Biryani House,3.8,₹100 for one,"Biryani, South Indian, Kebab",42 min
55,https://www.zomato.com/bangalore/onesta-malleshwaram-bangalore/order,Onesta,4.0,₹100 for one,"Pizza, Pasta, Sandwich, Fast Food, Desserts, Beverages",47 min
56,https://www.zomato.com/bangalore/corner-house-ice-creams-residency-road-bangalore/order,Corner House Ice Creams,4.4,₹100 for one,"Ice Cream, Desserts, Shake",19 min
57,https://www.zomato.com/bangalore/la-pinoz-pizza-basavanagudi-bangalore/order,La Pino'z Pizza,3.8,₹100 for one,"Pizza, Italian",35 min
58,https://www.zomato.com/bangalore/freshmenu-richmond-road/order,FreshMenu,3.9,₹100 for one,"Continental, Healthy Food, Fast Food, Burger, Sandwich, Chinese, Pasta, Beverages",28 min
59,https://www.zomato.com/bangalore/sharief-bhai-frazer-town-bangalore/order,Sharief Bhai,4.1,₹100 for one,"Biryani, Mughlai, Kebab, Afghan, Street Food, Beverages, Desserts",36 min
60,https://www.zomato.com/bangalore/mojo-pizza-2x-toppings-shanti-nagar-bangalore/order,MOJO Pizza - 2X Toppings,4.3,₹100 for one,"Pizza, Italian, Fast Food, Desserts, Beverages",30 min
61,https://www.zomato.com/bangalore/rnr-biryani-taste-of-1953-1-jayanagar-bangalore/order,RNR Biryani - Taste Of 1953,4.3,₹100 for one,"Biryani, South Indian, Desserts, Beverages, Andhra",36 min
62,https://www.zomato.com/bangalore/cakezone-koramangala-6th-block-bangalore/order,CakeZone,4.3,₹100 for one,"Bakery, Ice Cream",42 min
63,https://www.zomato.com/bangalore/kannur-food-point-btm/order,Kannur Food Point,3.7,₹200 for one,"Kerala, Chinese, South Indian, Arabian, Juices, Beverages, Shake",40 min
64,https://www.zomato.com/bangalore/ovenstory-pizza-1-shanti-nagar-bangalore/order,Ovenstory Pizza,4.4,₹200 for one,"Pizza, Fast Food",45 min
65,https://www.zomato.com/bangalore/andhra-gunpowder-seshadripuram-bangalore/order,Andhra Gunpowder,4.4,₹200 for one,"Andhra, Biryani, South Indian, Desserts, Beverages, Hyderabadi",28 min
66,https://www.zomato.com/bangalore/kannur-food-kitchen-btm-bangalore/order,Kannur Food Kitchen,3.7,₹200 for one,"South Indian, Biryani, Chinese, Arabian, Beverages, Shake",70 min
67,https://www.zomato.com/bangalore/chicking-1-rajajinagar-bangalore/order,Chicking,3.9,₹200 for one,"Fast Food, Burger, Pizza",41 min
68,https://www.zomato.com/bangalore/behrouz-biryani-shanti-nagar-bangalore/order,Behrouz Biryani,4.2,₹200 for one,"Biryani, Kebab, Hyderabadi, Lucknowi",31 min
69,https://www.zomato.com/bangalore/eatfit-cunningham-road-bangalore/order,EatFit,3.9,₹200 for one,"Healthy Food, North Indian, Pizza, Burger, Pasta, Biryani, Chinese, Beverages",23 min
70,https://www.zomato.com/bangalore/beijing-bites-richmond-road/order,Beijing Bites,4.1,₹200 for one,"Chinese, Asian, Thai, Seafood, Malaysian",27 min
71,https://www.zomato.com/bangalore/subway-lavelle-road/order,Subway,3.7,₹200 for one,"Healthy Food, Sandwich, Wraps, Salad, Fast Food, Desserts",19 min
72,https://www.zomato.com/bangalore/hyderabad-biryaani-house-koramangala-5th-block/order,Hyderabad Biryaani House,3.9,₹200 for one,"Biryani, North Indian, Chinese, Mughlai, Seafood, Beverages, Desserts",36 min
73,https://www.zomato.com/bangalore/paradise-biryani-rajajinagar-bangalore/order,Paradise Biryani,3.9,₹200 for one,"Biryani, North Indian, Kebab",37 min
74,https://www.zomato.com/bangalore/taco-bell-brigade-road-bangalore/order,Taco Bell,3.9,₹200 for one,"Mexican, Wraps, Fast Food",32 min
165,https://www.zomato.com/bangalore/warmoven-cake-desserts-vasanth-nagar-bangalore/order,WarmOven Cake & Desserts,3.6,₹250 for one,"Bakery, Desserts, Beverages",31 min
166,https://www.zomato.com/bangalore/faasos-wraps-rolls-shanti-nagar-bangalore/order,Faasos - Wraps & Rolls,3.9,₹250 for one,"Rolls, Fast Food, Wraps, Desserts",30 min
167,https://www.zomato.com/bangalore/easybites-by-empire-brigade-road-bangalore/order,EasyBites by Empire,4.1,₹250 for one,"Burger, Fast Food, Beverages",25 min
168,https://www.zomato.com/bangalore/ambur-star-briyani-since-1890-indiranagar-bangalore/order,Ambur Star Briyani Since 1890,4.3,₹250 for one,"Biryani, Chettinad, Chinese, North Indian",39 min
169,https://www.zomato.com/bangalore/madeena-hotel-koramangala-5th-block-bangalore/order,Madeena Hotel,4.0,₹250 for one,"Biryani, Kebab, North Indian",41 min
170,https://www.zomato.com/bangalore/nic-ice-creams-frazer-town-bangalore/order,NIC Ice Creams,4.5,₹250 for one,Ice Cream,29 min
171,https://www.zomato.com/bangalore/box8-desi-meals-shanti-nagar-bangalore/order,BOX8 - Desi Meals,4.2,₹250 for one,"Wraps, North Indian, Fast Food, Biryani, Ice Cream, Desserts, Beverages",30 min
172,https://www.zomato.com/bangalore/chicpet-donne-biriyani-house-koramangala-7th-block-bangalore/order,Chicpet Donne Biriyani House,4.1,₹250 for one,"Biryani, South Indian",34 min
173,https://www.zomato.com/bangalore/lassi-shop-shivajinagar/order,Lassi Shop,4.1,₹250 for one,"Beverages, Shake, Juices, Ice Cream, Desserts, Burger, Fast Food",36 min
174,https://www.zomato.com/bangalore/natural-ice-cream-st-marks-road/order,Natural Ice Cream,4.6,₹250 for one,"Ice Cream, Desserts, Shake",16 min
175,https://www.zomato.com/bangalore/shanmukha-1-jp-nagar-bangalore/order,Shanmukha,4.1,₹250 for one,"Biryani, Andhra, North Indian, Chinese, Seafood",53 min
176,https://www.zomato.com/bangalore/hotel-aditya-rajajinagar-bangalore/order,Hotel Aditya,4.3,₹250 for one,"Biryani, Mughlai",39 min
234,https://www.zomato.com/bangalore/dindigul-thalappakatti-mg-road-bangalore/order,Dindigul Thalappakatti,3.9,₹300 for one,"Biryani, North Indian, South Indian, Chinese, Seafood, Beverages",28 min
235,https://www.zomato.com/bangalore/kapoors-cafe-rajajinagar-bangalore/order,Kapoor's Cafe,4.1,₹300 for one,"North Indian, Desserts, Beverages",46 min
236,https://www.zomato.com/bangalore/aromas-of-biryani-1-jayanagar-bangalore/order,Aromas Of Biryani,3.9,₹300 for one,"Biryani, North Indian, Chinese, Mughlai, Kebab, Seafood, Ice Cream, Beverages",38 min
237,https://www.zomato.com/bangalore/narmada-chain-of-restaurants-frazer-town-bangalore/order,Narmada Chain of Restaurants,4.3,₹300 for one,"Andhra, Hyderabadi, Biryani, North Indian, Chinese, Beverages",37 min
238,https://www.zomato.com/bangalore/potful-claypot-biryanis-thippasandra-bangalore/order,Potful - Claypot Biryanis,4.2,₹300 for one,"Biryani, Kebab, Mughlai, North Indian, Desserts",80 min
239,https://www.zomato.com/bangalore/kwality-walls-frozen-dessert-and-ice-cream-shop-koramangala-8th-block-bangalore/order,Kwality Wall’s Frozen Dessert and Ice Cream Shop,4.2,₹300 for one,"Ice Cream, Desserts",26 min
240,https://www.zomato.com/bangalore/royal-restaurant-shivajinagar/order,Royal Restaurant,4.0,₹300 for one,"North Indian, Chinese, Sichuan",38 min
241,https://www.zomato.com/bangalore/bakingo-vasanth-nagar-bangalore/order,Bakingo,4.2,₹300 for one,"Bakery, Desserts",26 min
242,https://www.zomato.com/bangalore/punjabi-nawabi-koramangala-7th-block-bangalore/order,Punjabi Nawabi,3.6,₹300 for one,"North Indian, Biryani, Mughlai, Chinese, Kebab",41 min
243,https://www.zomato.com/bangalore/wendys-burgers-shanti-nagar-bangalore/order,Wendy's Burgers,3.7,₹300 for one,"Burger, Fast Food, American",28 min
244,https://www.zomato.com/bangalore/wow-momo-church-street-bangalore/order,WOW! Momo,4.0,₹300 for one,"Momos, Fast Food, Tibetan",28 min
245,https://www.zomato.com/bangalore/roti-wala-com-btm-bangalore/order,Roti-Wala.Com,4.1,₹300 for one,"North Indian, Street Food, Healthy Food, Chinese, Desserts",67 min
384,https://www.zomato.com/bangalore/biryani-by-kilo-majestic-bangalore/order,Biryani By Kilo,3.5,₹250 for one,"Biryani, Hyderabadi, North Indian, Kebab, Mughlai, Desserts",38 min
385,https://www.zomato.com/bangalore/chinese-wok-hosur-road-bangalore/order,Chinese Wok,3.7,₹250 for one,"Chinese, Momos, Sichuan",41 min
386,https://www.zomato.com/bangalore/rolls-on-wheels-cunningham-road/order,Rolls On Wheels,4.2,₹250 for one,"Rolls, Fast Food, Chinese",29 min
387,https://www.zomato.com/bangalore/pizza@99-rajajinagar-bangalore/order,Pizza@99,3.2,₹250 for one,"Pizza, Burger, Fast Food",46 min
388,https://www.zomato.com/bangalore/sardarji-londonwaley-koramangala-7th-block-bangalore/order,Sardarji Londonwaley,3.7,₹250 for one,"North Indian, Chinese, Mughlai",37 min
389,https://www.zomato.com/bangalore/m-m-a-kabab-and-rolls-old-madras-road-bangalore/order,M.M.A Kabab and Rolls,3.6,₹250 for one,"North Indian, Mughlai, Chinese, Kebab, Rolls, Seafood, Arabian, Biryani",45 min
390,https://www.zomato.com/bangalore/nagarjuna-residency-road/order,Nagarjuna,4.2,₹250 for one,"Andhra, Biryani, North Indian",26 min
391,https://www.zomato.com/bangalore/madurai-idly-shop-1-koramangala-7th-block-bangalore/order,Madurai Idly Shop,3.9,₹250 for one,South Indian,34 min
392,https://www.zomato.com/bangalore/frozen-bottle-milkshakes-desserts-and-ice-cream-brigade-road-bangalore/order,"Frozen Bottle - Milkshakes, Desserts and Ice Cream",4.0,₹250 for one,"Beverages, Shake, Desserts, Ice Cream",25 min
393,https://www.zomato.com/bangalore/the-belgian-waffle-co-seshadripuram-bangalore/order,The Belgian Waffle Co.,4.1,₹250 for one,"Waffle, Pancake, Desserts, Beverages",36 min
394,https://www.zomato.com/bangalore/meat-and-eat-banashankari-bangalore/order,Meat And Eat,3.9,₹250 for one,"Burger, Sandwich, Fast Food, Wraps, Biryani, Beverages, Desserts",44 min
395,https://www.zomato.com/bangalore/biryani-trip-destination-hyderabad-seshadripuram-bangalore/order,Biryani Trip - Destination Hyderabad,4.4,₹250 for one,"Biryani, South Indian, Mughlai, Andhra, Desserts, Hyderabadi",30 min
396,https://www.zomato.com/bangalore/the-pizza-bakery-church-street-bangalore/order,The Pizza Bakery,4.2,₹400 for one,"Pizza, Pasta, Italian, Continental, Desserts, Beverages",29 min
397,https://www.zomato.com/bangalore/chowman-indiranagar-bangalore/order,Chowman,4.0,₹400 for one,"Chinese, Asian, Thai, Oriental, Seafood, Sichuan, Beverages, Desserts",41 min
398,https://www.zomato.com/bangalore/savoury-restaurant-1-frazer-town/order,Savoury Restaurant,4.1,₹400 for one,"Arabian, Mughlai, North Indian, Chinese, Fast Food, Beverages, Shake, Desserts",41 min
399,https://www.zomato.com/bangalore/call-me-chow-koramangala-8th-block-bangalore/order,Call Me Chow,4.2,₹400 for one,"Chinese, Japanese, Thai, Indonesian, Asian",43 min
400,https://www.zomato.com/bangalore/razakhiya-hotel-hbr-layout-bangalore/order,Razakhiya Hotel,4.0,₹400 for one,"Rolls, Chinese, North Indian, Seafood, Biryani, Sichuan",51 min
401,https://www.zomato.com/bangalore/royal-biryani-kitchen-btm-bangalore/order,Royal Biryani Kitchen,3.4,₹400 for one,"Biryani, North Indian, Mughlai, Fast Food, Beverages, Sichuan",37 min
402,https://www.zomato.com/bangalore/glens-bakehouse-lavelle-road/order,Glen's Bakehouse,4.3,₹400 for one,"Bakery, Cafe, Italian, Continental, Fast Food, Beverages, Desserts",20 min
403,https://www.zomato.com/bangalore/baskin-robbins-church-street/order,Baskin Robbins,4.2,₹400 for one,"Ice Cream, Desserts, Beverages",23 min
404,https://www.zomato.com/bangalore/theobroma-lavelle-road-bangalore/order,Theobroma,4.3,₹400 for one,"Bakery, Desserts, Beverages",16 min
405,https://www.zomato.com/bangalore/paratha-envy-koramangala-6th-block-bangalore/order,Paratha Envy,4.1,₹400 for one,North Indian,54 min
406,https://www.zomato.com/bangalore/barbeque-nation-ulsoor-bangalore/order,Barbeque Nation,3.7,₹400 for one,"North Indian, BBQ, Biryani, Kebab, Beverages, Desserts",37 min
407,https://www.zomato.com/bangalore/big-bowl-company-hosur-road-bangalore/order,Big Bowl Company,3.7,₹400 for one,"North Indian, Chinese, Biryani, Momos, Sichuan",36 min
501,https://www.zomato.com/bangalore/meghduth-biryanis-jayanagar-bangalore/order,Meghduth Biryanis,3.6,₹350 for one,"Biryani, South Indian",40 min
502,https://www.zomato.com/bangalore/kaati-zone-rolls-and-wraps-vasanth-nagar-bangalore/order,Kaati Zone Rolls and Wraps,3.7,₹350 for one,"Rolls, Wraps, Fast Food, Desserts, Shake, Beverages",37 min
503,https://www.zomato.com/bangalore/pathaan-sir-wilson-garden-bangalore/order,Pathaan Sir,3.9,₹350 for one,Rolls,31 min
504,https://www.zomato.com/bangalore/new-udupi-grand-jeevan-bhima-nagar-bangalore/order,New Udupi Grand,3.9,₹350 for one,"South Indian, North Indian, Chinese, Street Food, Beverages, Shake",40 min
505,https://www.zomato.com/bangalore/siddique-kabab-centre-frazer-town/order,Siddique Kabab Centre,4.0,₹350 for one,"Mughlai, Chinese, North Indian, Rolls, Sichuan",35 min
506,https://www.zomato.com/bangalore/al-ameen-rolls-corner-kammanahalli-bangalore/order,Al Ameen Rolls Corner,3.8,₹350 for one,"Rolls, Fast Food",46 min
507,https://www.zomato.com/bangalore/sultan-palace-darbar-restaurant-nagawara-bangalore/order,Sultan - Palace Darbar Restaurant,3.4,₹350 for one,"North Indian, Chinese, Arabian, Mughlai",44 min
508,https://www.zomato.com/bangalore/great-indian-khichdi-by-eatfit-cunningham-road-bangalore/order,Great Indian Khichdi by EatFit,4.0,₹350 for one,"Healthy Food, North Indian, Ice Cream, Desserts, Beverages",23 min
509,https://www.zomato.com/bangalore/sagar-hotel-rajajinagar/order,Sagar Hotel,4.2,₹350 for one,"North Indian, Chinese, Street Food, Fast Food, South Indian, Juices, Beverages",40 min
510,https://www.zomato.com/bangalore/new-udupi-garden-airport-road-bangalore/order,New Udupi Garden,3.7,₹350 for one,"South Indian, North Indian, Beverages, Chinese",38 min
511,https://www.zomato.com/bangalore/lunchbox-meals-and-thalis-shanti-nagar-bangalore/order,LunchBox - Meals and Thalis,4.0,₹350 for one,North Indian,26 min
512,https://www.zomato.com/bangalore/shanthi-sagar-basaveshwara-nagar/order,Shanthi Sagar,4.1,₹350 for one,"South Indian, North Indian, Chinese, Street Food, Ice Cream, Desserts, Shake, Beverages",52 min
723,https://www.zomato.com/bangalore/hyderabad-biryani-house-malleshwaram-bangalore/order,Hyderabad Biryani House,4.0,₹250 for one,"North Indian, Hyderabadi, Chinese, Biryani, Mughlai, Desserts, Beverages, Shake",35 min
724,https://www.zomato.com/bangalore/rotti-walla-indiranagar-bangalore/order,Rotti Walla,3.9,₹250 for one,"North Indian, South Indian, Chinese, Mughlai, Biryani, Fast Food, Beverages, Desserts",50 min
725,https://www.zomato.com/bangalore/smoor-lavelle-road-bangalore/order,Smoor,4.1,₹250 for one,"Asian, Italian, Salad, Pizza, Sandwich, Burger, Desserts, Beverages",21 min
726,https://www.zomato.com/bangalore/ts-21-spice-biryani-indiranagar-bangalore/order,T’s 21 Spice Biryani,4.0,₹250 for one,"Biryani, South Indian",37 min
727,https://www.zomato.com/bangalore/andhra-biryanis-nagawara/order,Andhra Biryanis,4.1,₹250 for one,"Biryani, Andhra, Chinese, North Indian, Mughlai",59 min
728,https://www.zomato.com/bangalore/ubq-by-barbeque-nation-ulsoor-bangalore/order,UBQ By Barbeque Nation,3.6,₹250 for one,"North Indian, BBQ, Chinese, Street Food, Kebab, Beverages, Desserts",40 min
729,https://www.zomato.com/bangalore/anjappar-brigade-road-bangalore/order,Anjappar,3.9,₹250 for one,"South Indian, Chettinad, Biryani, Seafood, Chinese, North Indian, Desserts, Beverages",28 min
730,https://www.zomato.com/bangalore/the-parotta-combo-1-koramangala-7th-block-bangalore/order,The Parotta Combo,3.7,₹250 for one,"South Indian, Desserts",38 min
731,https://www.zomato.com/bangalore/biryani-square-2-btm-bangalore/order,Biryani Square,3.7,₹250 for one,"Mughlai, North Indian",47 min
732,https://www.zomato.com/bangalore/chai-point-church-street-bangalore/order,Chai Point,4.0,₹250 for one,"Tea, Beverages, Shake, Fast Food, Rolls, Desserts, Coffee",28 min
733,https://www.zomato.com/bangalore/dandes-hyderabad-biryani-koramangala-7th-block-bangalore/order,Dande's Hyderabad Biryani,3.6,₹250 for one,"Andhra, Biryani, North Indian, Chinese",48 min
734,https://www.zomato.com/bangalore/mandya-nati-style-vijay-nagar-bangalore/order,Mandya Nati Style,3.6,₹250 for one,"South Indian, Biryani",35 min
852,https://www.zomato.com/bangalore/karnataka-biryani-point-rajajinagar-bangalore/order,Karnataka Biryani Point,4.1,₹50 for one,"Biryani, South Indian",33 min
853,https://www.zomato.com/bangalore/the-bake-feast-indiranagar-bangalore/order,The Bake Feast,4.1,₹50 for one,"Bakery, Desserts",47 min
854,https://www.zomato.com/bangalore/the-biryani-life-shanti-nagar-bangalore/order,The Biryani Life,3.4,₹50 for one,"Biryani, Kebab, Hyderabadi, Lucknowi",34 min
855,https://www.zomato.com/bangalore/nh1-bowls-highway-to-north-langford-town-bangalore/order,NH1 Bowls - Highway To North,4.5,₹50 for one,"North Indian, Fast Food, Desserts, Beverages",30 min
856,https://www.zomato.com/bangalore/beyond-the-crust-btc-btm-bangalore/order,Beyond The Crust - BTC,4.0,₹50 for one,"Pizza, Fast Food, Desserts",45 min
857,https://www.zomato.com/bangalore/ande-ka-funda-2-btm-bangalore/order,Ande Ka Funda,3.7,₹50 for one,"North Indian, Rolls, Chinese",51 min
858,https://www.zomato.com/bangalore/le-arabia-basaveshwara-nagar-bangalore/order,Le Arabia,3.7,₹50 for one,"North Indian, Mughlai, Chinese, Arabian, Biryani, Beverages, Desserts, Sichuan",56 min
859,https://www.zomato.com/bangalore/hotel-n-g-t-non-veg-vijay-nagar-bangalore/order,Hotel N.G.T Non Veg,4.1,₹50 for one,"Biryani, South Indian, Chinese",52 min
860,https://www.zomato.com/bangalore/szechuan-dragon-banashankari/order,Szechuan Dragon,4.1,₹50 for one,"Chinese, Asian, Thai, Momos",39 min
861,https://www.zomato.com/bangalore/katarias-btm-bangalore/order,Kataria's,3.5,₹50 for one,"North Indian, Biryani, Beverages",49 min
862,https://www.zomato.com/bangalore/swad-punjab-da-btm/order,Swad Punjab Da,4.2,₹50 for one,North Indian,52 min
863,https://www.zomato.com/bangalore/nadan-pothichoru-koramangala-7th-block-bangalore/order,Nadan Pothichoru,3.8,₹50 for one,"Kerala, South Indian, Beverages",43 min
993,https://www.zomato.com/bangalore/biggies-burger-church-street-bangalore/order,Biggies Burger,4.1,₹150 for one,"Burger, Wraps, Fast Food, Shake, Beverages, Desserts",25 min
994,https://www.zomato.com/bangalore/wow-china-church-street-bangalore/order,WOW! China,3.8,₹150 for one,"Chinese, Rolls",28 min
995,https://www.zomato.com/bangalore/new-shanthi-sagar-basavanagudi/order,New Shanthi Sagar,3.8,₹150 for one,"South Indian, North Indian, Chinese, Fast Food, Street Food, Beverages",33 min
996,https://www.zomato.com/bangalore/mangalore-kitchen-1-jeevan-bhima-nagar-bangalore/order,Mangalore Kitchen,3.8,₹150 for one,"Street Food, Chinese",43 min
997,https://www.zomato.com/bangalore/samosa-party-1-jeevan-bhima-nagar/order,Samosa Party,4.3,₹150 for one,"Street Food, Tea",50 min
998,https://www.zomato.com/bangalore/pizza-house-1-rt-nagar-bangalore/order,Pizza House,4.1,₹150 for one,"Pizza, Fast Food, Burger",53 min
999,https://www.zomato.com/bangalore/delicacy-frazer-town/order,Delicacy,3.8,₹150 for one,"Chinese, Thai",37 min
1000,https://www.zomato.com/bangalore/five-star-new-ambur-biryani-btm-bangalore/order,Five Star New Ambur Biryani,3.4,₹150 for one,"Biryani, Fast Food, South Indian",43 min
1001,https://www.zomato.com/bangalore/dum-safar-biryani-rajajinagar-bangalore/order,Dum Safar Biryani,4.0,₹150 for one,"North Indian, Biryani, Kebab, Beverages, Desserts",45 min
1002,https://www.zomato.com/bangalore/charminar-biryani-house-1-btm-bangalore/order,Charminar Biryani House,3.9,₹150 for one,"Biryani, North Indian, Chinese",57 min
1003,https://www.zomato.com/bangalore/arabian-shawarma-1-kammanahalli-bangalore/order,Arabian Shawarma,3.9,₹150 for one,"Shawarma, Fast Food, Beverages",50 min
1004,https://www.zomato.com/bangalore/keventers-milkshakes-desserts-brigade-road-bangalore/order,Keventers - Milkshakes & Desserts,4.2,₹150 for one,"Shake, Beverages, Desserts",26 min
1005,https://www.zomato.com/bangalore/new-punjabi-hotel-btm/order,New Punjabi Hotel,3.6,₹150 for one,"North Indian, Chinese",36 min
1006,https://www.zomato.com/bangalore/hakka-box-domlur-bangalore/order,Hakka Box,4.0,₹150 for one,"Chinese, Thai, Momos, Sichuan",46 min
1007,https://www.zomato.com/bangalore/kailash-parbat-sadashiv-nagar-bangalore/order,Kailash Parbat,4.0,₹150 for one,"North Indian, Chinese, Street Food, Fast Food, Beverages, Desserts",44 min
1008,https://www.zomato.com/bangalore/the-good-bowl-shanti-nagar-bangalore/order,The Good Bowl,4.2,₹150 for one,"North Indian, Pasta, Italian",26 min
1009,https://www.zomato.com/bangalore/asha-sweet-center-1-vasanth-nagar-bangalore/order,Asha Sweet Center,4.3,₹150 for one,Mithai,24 min
1010,https://www.zomato.com/bangalore/chinese-bae-rt-nagar-bangalore/order,Chinese BAE,3.7,₹150 for one,"Chinese, Seafood, Momos, Sichuan",44 min
1011,https://www.zomato.com/bangalore/basmati-biriyani-nation-koramangala-7th-block-bangalore/order,Basmati Biriyani Nation,3.8,₹150 for one,"Biryani, Mughlai, Fast Food, Desserts",44 min
1012,https://www.zomato.com/bangalore/biryani-blues-church-street-bangalore/order,Biryani Blues,4.3,₹150 for one,"Biryani, Kebab, Desserts, Hyderabadi, Beverages",24 min
1013,https://www.zomato.com/bangalore/rajanna-military-hotel-rajajinagar-bangalore/order,Rajanna Military Hotel,3.9,₹150 for one,South Indian,33 min
1014,https://www.zomato.com/bangalore/kabab-king-kumaraswamy-layout-bangalore/order,Kabab King,3.4,₹150 for one,"North Indian, Chinese, Juices, Shake",50 min
1015,https://www.zomato.com/bangalore/kabab-king-restaurant-1-banashankari-bangalore/order,Kabab King Restaurant,3.5,₹150 for one,"Chinese, North Indian, Beverages",52 min
1016,https://www.zomato.com/bangalore/punjabi-unplugged-koramangala-7th-block-bangalore/order,Punjabi Unplugged,3.6,₹150 for one,"North Indian, Chinese, Kebab, Biryani, Mughlai",39 min
1323,https://www.zomato.com/bangalore/muthashys-btm-bangalore/order,Muthashy's,4.1,₹100 for one,"Kerala, South Indian, Chinese, Sichuan",37 min
1324,https://www.zomato.com/bangalore/momoz-rt-nagar-bangalore/order,Momoz,4.0,₹100 for one,"Chinese, Momos, Sichuan",44 min
1325,https://www.zomato.com/bangalore/nisarga-vijay-nagar/order,Nisarga,4.1,₹100 for one,"Andhra, North Indian, Chinese, Mangalorean, Seafood, Biryani",44 min
1326,https://www.zomato.com/bangalore/just-shawarma-indiranagar-bangalore/order,Just Shawarma,3.8,₹100 for one,"Lebanese, Fast Food, Beverages",44 min
1327,https://www.zomato.com/bangalore/sri-srinivas-pork-hotel-ejipura-bangalore/order,Sri Srinivas Pork Hotel,3.4,₹100 for one,Fast Food,35 min
1328,https://www.zomato.com/bangalore/zomoz-the-momo-company-indiranagar-bangalore/order,Zomoz - The Momo Company,4.1,₹100 for one,"Momos, Fast Food",42 min
1329,https://www.zomato.com/bangalore/kirti-kitchen-btm-bangalore/order,Kirti Kitchen,3.7,₹100 for one,"North Indian, Chinese, Sichuan",48 min
1330,https://www.zomato.com/bangalore/starbucks-coffee-lavelle-road-bangalore/order,Starbucks Coffee,4.3,₹100 for one,"Cafe, Beverages, Desserts",17 min
1331,https://www.zomato.com/bangalore/ambur-hot-dum-biryani-btm/order,Ambur Hot Dum Biryani,3.8,₹100 for one,Biryani,40 min
1332,https://www.zomato.com/bangalore/ghee-and-turmeric-cunningham-road-bangalore/order,Ghee And Turmeric,4.1,₹100 for one,North Indian,35 min
1333,https://www.zomato.com/bangalore/the-dessert-heaven-pure-veg-domlur-bangalore/order,The Dessert Heaven - Pure Veg,4.3,₹100 for one,"Desserts, Bakery",49 min
1334,https://www.zomato.com/bangalore/rolls-kitchen-rajajinagar/order,Rolls Kitchen,4.1,₹100 for one,"Fast Food, Rolls, Beverages, Chinese",43 min
1335,https://www.zomato.com/bangalore/cream-stone-ice-cream-frazer-town-bangalore/order,Cream Stone Ice Cream,4.2,₹150 for one,"Ice Cream, Desserts, Beverages, Shake",33 min
1336,https://www.zomato.com/bangalore/the-cake-fancy-basavanagudi-bangalore/order,The Cake Fancy,4.3,₹150 for one,Bakery,53 min
1337,https://www.zomato.com/bangalore/hotel-karavali-food-point-vijay-nagar/order,Hotel Karavali Food Point,3.7,₹150 for one,"Mangalorean, South Indian, North Indian, Chinese",48 min
1338,https://www.zomato.com/bangalore/donne-biryani-palace-1-jayanagar-bangalore/order,Donne Biryani Palace,4.1,₹150 for one,"Biryani, South Indian, North Indian, Chinese",43 min
1339,https://www.zomato.com/bangalore/cupcake-bliss-cakes-desserts-vasanth-nagar-bangalore/order,Cupcake Bliss Cakes & Desserts,3.5,₹150 for one,Bakery,43 min
1340,https://www.zomato.com/bangalore/chicken-county-restaurant-1-bannerghatta-road-bangalore/order,Chicken County Restaurant,4.1,₹150 for one,"North Indian, Chinese, Mughlai, Seafood, Fast Food, Biryani, Beverages",38 min
1341,https://www.zomato.com/bangalore/raidan-restaurant-rt-nagar-bangalore/order,Raidan Restaurant,3.8,₹150 for one,"North Indian, Arabian, Chinese, Lebanese, Sichuan",40 min
1342,https://www.zomato.com/bangalore/abs-absolute-barbecues-koramangala-5th-block-bangalore/order,AB's - Absolute Barbecues,3.5,₹150 for one,"BBQ, North Indian, Continental, Oriental, Seafood, Fast Food, Desserts",40 min
1343,https://www.zomato.com/bangalore/chung-wah-residency-road/order,Chung Wah,4.0,₹150 for one,"Chinese, Thai, Vietnamese, Sichuan",35 min
1344,https://www.zomato.com/bangalore/cafe-grill-jeevan-bhima-nagar/order,Cafe Grill,4.0,₹150 for one,"Chinese, North Indian, Rolls",49 min
1345,https://www.zomato.com/bangalore/adigas-majestic-bangalore/order,Adiga's,3.6,₹150 for one,"South Indian, North Indian, Chinese, Street Food, Desserts, Ice Cream, Beverages",28 min
1346,https://www.zomato.com/bangalore/dil-punjabi-btm-bangalore/order,Dil Punjabi,3.5,₹150 for one,North Indian,42 min
1701,https://www.zomato.com/bangalore/just-bake-seshadripuram/order,Just Bake,3.9,₹250 for one,"Bakery, Desserts, Street Food",31 min
1702,https://www.zomato.com/bangalore/jose-mess-2-btm-bangalore/order,Jose Mess,4.2,₹250 for one,"Kerala, South Indian, Biryani",33 min
1703,https://www.zomato.com/bangalore/the-taj-hotel-1-city-market-bangalore/order,The Taj Hotel,3.7,₹250 for one,"North Indian, Chinese, Mughlai, Fast Food, Lebanese, Seafood, Rolls",33 min
1704,https://www.zomato.com/bangalore/sarangi-rajajinagar-bangalore/order,Sarangi,3.5,₹250 for one,"North Indian, South Indian, Chinese, Biryani",42 min
1705,https://www.zomato.com/bangalore/d-zaprino-rajajinagar-bangalore/order,D - Zaprino,3.8,₹250 for one,"Pizza, Burger, Wraps, Biryani, Fast Food, Street Food, Desserts, Beverages",43 min
1706,https://www.zomato.com/bangalore/aubree-mg-road-bangalore/order,Aubree,4.3,₹250 for one,"Bakery, Desserts, Italian, Thai, Fast Food",27 min
1707,https://www.zomato.com/bangalore/ibaco-indiranagar-bangalore/order,ibaco,4.5,₹250 for one,"Ice Cream, Desserts",34 min
1708,https://www.zomato.com/bangalore/afghani-tandoori-hub-btm-bangalore/order,Afghani Tandoori Hub,3.4,₹250 for one,"Afghan, Fast Food, Chinese, North Indian, Desserts, Beverages, Sichuan",48 min
1709,https://www.zomato.com/bangalore/the-cake-deluxe-basavanagudi-bangalore/order,The Cake Deluxe,4.1,₹250 for one,Bakery,46 min
1710,https://www.zomato.com/bangalore/chaat-street-koramangala-4th-block-bangalore/order,Chaat Street,4.0,₹250 for one,"Street Food, Fast Food, North Indian, Beverages",44 min
1711,https://www.zomato.com/bangalore/hari-super-sandwich-seshadripuram-bangalore/order,Hari Super Sandwich,3.8,₹250 for one,"Sandwich, Pizza, Fast Food, Street Food",39 min
1712,https://www.zomato.com/bangalore/hamza-hotel-shivajinagar-bangalore/order,Hamza Hotel,4.1,₹250 for one,"North Indian, Chinese, Mughlai, Biryani, Rolls",31 min
1902,https://www.zomato.com/bangalore/mealful-rolls-indias-biggest-rolls-langford-town-bangalore/order,Mealful Rolls - India's Biggest Rolls,4.3,₹200 for one,"Rolls, Fast Food, North Indian, Wraps, Beverages, Desserts",30 min
1903,https://www.zomato.com/bangalore/auntie-fungs-indiranagar-bangalore/order,Auntie Fung's,4.0,₹200 for one,"Asian, Thai, Vietnamese, Japanese, Indonesian, Chinese, Korean, Burmese",48 min
1904,https://www.zomato.com/bangalore/sree-banashankari-donne-biriyani-basaveshwara-nagar-bangalore/order,Sree Banashankari Donne Biriyani,4.1,₹200 for one,"Biryani, South Indian",39 min
1905,https://www.zomato.com/bangalore/krispy-kreme-koramangala-7th-block-bangalore/order,Krispy Kreme,4.4,₹200 for one,"Desserts, Beverages",38 min
1906,https://www.zomato.com/bangalore/momo-zone-the-momo-company-vasanth-nagar-bangalore/order,Momo Zone - The Momo Company,3.6,₹200 for one,"Chinese, Tibetan",44 min
1907,https://www.zomato.com/bangalore/ambur-darbar-biriyani-point-yeshwantpur/order,Ambur Darbar Biriyani Point,4.0,₹200 for one,"Biryani, Kebab",43 min
1908,https://www.zomato.com/bangalore/new-taj-darbar-shivajinagar-bangalore/order,New Taj Darbar,3.5,₹200 for one,"North Indian, Chinese, Mughlai, Biryani",34 min
1909,https://www.zomato.com/bangalore/mangalore-lunch-home-basaveshwara-nagar-bangalore/order,Mangalore Lunch Home,4.0,₹200 for one,"Mangalorean, North Indian, Chinese, Biryani, South Indian",48 min
1910,https://www.zomato.com/bangalore/sweet-truth-cake-and-desserts-shanti-nagar-bangalore/order,Sweet Truth - Cake and Desserts,3.3,₹200 for one,Bakery,29 min
1911,https://www.zomato.com/bangalore/sagar-seshadripuram-bangalore/order,Sagar,3.9,₹200 for one,"North Indian, South Indian, Fast Food, Street Food, Chinese, Desserts, Shake, Beverages",35 min
1912,https://www.zomato.com/bangalore/chef-bakers-koramangala-7th-block-bangalore/order,Chef Bakers,3.6,₹200 for one,"Bakery, Fast Food, Pizza, Sandwich, Burger, Desserts",47 min
1913,https://www.zomato.com/bangalore/idc-kitchen-indiranagar-bangalore/order,IDC Kitchen,3.9,₹200 for one,South Indian,38 min
1914,https://www.zomato.com/bangalore/rb-food-point-btm-bangalore/order,RB Food Point,3.7,₹100 for one,"North Indian, Chinese",48 min
1915,https://www.zomato.com/bangalore/sri-vishnu-park-btm/order,Sri Vishnu Park,3.9,₹100 for one,"South Indian, North Indian, Chinese, Biryani, Beverages, Desserts",45 min
1916,https://www.zomato.com/bangalore/gopizza-jayanagar-bangalore/order,GOPIZZA,4.0,₹100 for one,"Pizza, Fast Food",50 min
1917,https://www.zomato.com/bangalore/hotel-aasare-yeshwantpur-bangalore/order,Hotel Aasare,4.2,₹100 for one,"Chettinad, Kerala, Seafood",48 min
1918,https://www.zomato.com/bangalore/andhra-ruchulu-sankey-road-bangalore/order,Andhra Ruchulu,4.0,₹100 for one,"Andhra, Biryani, North Indian, Chinese, Desserts, Juices",33 min
1919,https://www.zomato.com/bangalore/malugudis-donne-biriyani-yeshwantpur-bangalore/order,Malugudi's Donne Biriyani,4.3,₹100 for one,"Biryani, South Indian",52 min
1920,https://www.zomato.com/bangalore/zaatar-old-madras-road-bangalore/order,Zaatar,3.8,₹100 for one,"BBQ, Arabian, Biryani, Chinese, North Indian, Mughlai, Desserts, Beverages",48 min
1921,https://www.zomato.com/bangalore/sreeraj-lassi-bar-shanti-nagar/order,Sreeraj Lassi Bar,4.2,₹100 for one,"Shake, Juices, Beverages, Ice Cream, Desserts",24 min
1922,https://www.zomato.com/bangalore/gyani-da-punjabi-dhaba-btm/order,Gyani Da Punjabi Dhaba,3.9,₹100 for one,"North Indian, Mughlai, Chinese",49 min
1923,https://www.zomato.com/bangalore/leancrust-pizza-thincrust-experts-langford-town-bangalore/order,LeanCrust Pizza- ThinCrust Experts,4.0,₹100 for one,"Pizza, Italian, Fast Food, Desserts, Beverages",30 min
1924,https://www.zomato.com/bangalore/biryani-pot-btm/order,Biryani Pot,3.9,₹100 for one,"Biryani, North Indian, Chinese, Hyderabadi, Andhra, Wraps, Sichuan",40 min
1925,https://www.zomato.com/bangalore/hotel-revoli-inn-shanti-nagar-bangalore/order,Hotel Revoli Inn,3.9,₹100 for one,"Chinese, North Indian, Mughlai",25 min